{
  "strict": {
    "N": 130,
    "median_lambda": 7.209664472536695e-08,
    "ci95_low": 5.5614588937334256e-08,
    "ci95_high": 1.0205109543813566e-07,
    "shapiro_W": 0.954462387230073,
    "shapiro_p": 0.00025353865092816026,
    "inc_min": 30.0,
    "inc_max": 80.0,
    "Q_max": 3
  },
  "extended": {
    "N": 155,
    "median_lambda": 6.485714502044394e-08,
    "ci95_low": 5.3956714746412235e-08,
    "ci95_high": 8.767181113933501e-08,
    "shapiro_W": 0.9528554724223857,
    "shapiro_p": 4.260203366267397e-05,
    "inc_min": 15.0,
    "inc_max": 85.0,
    "Q_max": 3
  }
}