{
  "strict": {
    "N": 130,
    "slope": 0.7433327723070254,
    "slope_err": 0.019616109035588324,
    "intercept": -14.23995596295621,
    "intercept_err": 0.1920453628573033,
    "r": 0.9565559824506841,
    "z_sigma_vs_0p5": 12.404742034496314
  },
  "extended": {
    "N": 155,
    "slope": 0.7467116772798046,
    "slope_err": 0.019232296228652034,
    "intercept": -14.297781803127782,
    "intercept_err": 0.18828162677805732,
    "r": 0.950700158031281,
    "z_sigma_vs_0p5": 12.827988626353239
  }
}